code,program,name_cn,name_en,tool_url,tool_type,priority,default_for_cz_tool,recommended_for,notes_cn,source_url,source_registry,source_refs,source_url_reference,ai_assisted_notice
CZ,南航明珠俱乐部,南航明珠里程累积查询,China Southern Sky Pearl mileage earning lookup,https://skypearl.csair.com/,official_calculator,1,True,累积到南航明珠时的默认查询工具；可查会员类型、消费品类、消费金额、始发/到达城市、舱位等。,建议优先使用。若本工具中的标准里程或合作伙伴规则与实际入账不一致，以南航官方/公开查询渠道和实际入账为准。,https://skypearl.csair.com/,data/data_sources_2026.json,SRC-005,,部分代码/文档/数据整理流程使用AI辅助生成或修改；数据需人工核验。
CA,凤凰知音,国航凤凰知音里程累积计算器,Air China PhoenixMiles mileage accrual calculator,https://ffp.airchina.com.cn/plan/mileage_accumulate_calculator.html,official_calculator,2,False,国航系、星盟和凤凰知音口径参考；也可用于核对 IATA 实际里程口径。,该页面说明累积以 IATA 公布的始发地至目的地实际里程为基准，再按承运人和付费舱位计算。累积到南航时仍需回到南航规则核对。,https://ffp.airchina.com.cn/plan/mileage_accumulate_calculator.html,data/data_sources_2026.json,SRC-005,,部分代码/文档/数据整理流程使用AI辅助生成或修改；数据需人工核验。
MU,东方万里行,东方万里行里程/积分查询参考,China Eastern Eastern Miles reference,https://ecmembers.ceair.com/futureplus/mileageCalculator.html,official_calculator_or_reference,3,False,东航、上航等东方万里行口径参考。,如直达页面不可用，可从东方万里行官网进入里程/积分计算或FAQ。东航FAQ说明标准里程为 IATA 公布城市对距离。,https://global.ceair.com/global/static/MutualSupport/CommonProblem/pointsrelatedissues/,data/data_sources_2026.json,SRC-005,,部分代码/文档/数据整理流程使用AI辅助生成或修改；数据需人工核验。
HU,金鹏俱乐部,海航金鹏俱乐部积分计算器,Hainan Airlines Fortune Wings Club points calculator,https://ffp.hnair.com/FFPClub/cn/hqjf/index.html?jsq=,official_calculator,4,False,海航系/金鹏俱乐部累积或兑换积分参考。,仅作为金鹏口径参考；若累积到南航明珠，请按南航合作伙伴或实际入账口径。,https://ffp.hnair.com/FFPClub/cn/hqjf/index.html?jsq=,data/data_sources_2026.json,SRC-005,,部分代码/文档/数据整理流程使用AI辅助生成或修改；数据需人工核验。
MF,白鹭会员俱乐部,厦航白鹭卡积分/航班累积规则,XiamenAir Egret Miles flight accrual reference,https://ffp.xiamenair.com/zh-CN/Accural/FlightAccural.html,official_reference,5,False,厦航白鹭俱乐部累积规则参考；南航明珠中 MF 合作伙伴累积仍以南航规则为准。,可结合城市间积分兑换计算器核对城市对。,https://ffp.xiamenair.com/zh-CN/Accural/FlightAccural.html,data/data_sources_2026.json,SRC-005,,部分代码/文档/数据整理流程使用AI辅助生成或修改；数据需人工核验。
MF_EXCHANGE,白鹭会员俱乐部,厦航城市间积分兑换计算器,XiamenAir city-pair award calculator,https://ffp.xiamenair.com/zh-CN/Compute/Exchange,official_award_calculator,6,False,厦航城市对兑换/距离口径人工校验。,兑换计算器不等同累积入账，但可作为城市对口径辅助参考。,https://ffp.xiamenair.com/zh-CN/Compute/Exchange,data/data_sources_2026.json,SRC-005,,部分代码/文档/数据整理流程使用AI辅助生成或修改；数据需人工核验。
3U,金熊猫俱乐部,川航金熊猫里程累积规则,Sichuan Airlines Golden Panda mileage accrual rules,https://serviceapp.sichuanair.com/views/staticinfo/statice840b9004c4b4450b1eee18e400f9c8a.html,official_reference,7,False,川航自有金熊猫口径参考；也可核对标准里程与最低里程规则。,川航页面说明乘机里程=标准里程×里程累积率，标准里程参照国际航协公布城市对距离；但南航明珠累积 3U 仍需以南航合作伙伴表为准。,https://serviceapp.sichuanair.com/views/staticinfo/statice840b9004c4b4450b1eee18e400f9c8a.html,data/data_sources_2026.json,SRC-005,,部分代码/文档/数据整理流程使用AI辅助生成或修改；数据需人工核验。
IATA_TPM,IATA,IATA Ticketed Point Mileage (TPM),IATA TPM Manual / data service,https://www.iata.org/en/publications/manuals/mileage/ticketed-point-mileage-tpm/,commercial_reference,90,False,高级校验或商业授权场景；不是免费默认依赖。,IATA TPM 最接近航司城市对里程口径，但通常为商业出版物/数据服务。,https://www.iata.org/en/publications/manuals/mileage/ticketed-point-mileage-tpm/,data/data_sources_2026.json,SRC-005,,部分代码/文档/数据整理流程使用AI辅助生成或修改；数据需人工核验。
OURAIRPORTS,Open airport data,OurAirports 机场三字码/经纬度库,OurAirports open airport data,https://ourairports.com/data/,open_data_fallback,99,False,无航空公司工具或使用者只需估算时，可用机场经纬度自行计算大圆距离。,这不是航司标准里程工具；只适合做 fallback 估算，结果需标记为 airport_distance_estimate。,https://ourairports.com/data/,data/data_sources_2026.json,SRC-005,,部分代码/文档/数据整理流程使用AI辅助生成或修改；数据需人工核验。
